Unnamed: 0,Modelo
,LENTE AMPLUS 1.50 CLEAN EXTRA-INC
,SABRINA SATO SS709 C4
,LENTE MULTIFOCAL C.O PRO HD ANT-REFLEXO
,LIMPEZA COMPLETA COM AJUSTES
,SOLDA GARANTIA
,RUN REC ISA1033 C6
,LENTE MULTIFOCAL CR FOTO ANT-REFLEXO - FT
,LENTE CR INCOLOR FOSCA
,LENTE MULTIFOCAL C.O PRO HD
,REC ATHENAS ATH2524 C3
,LENTE KODAK  POLI BLUE UV
,"LENTE CR AR PRONTA 0,00 ATÉ 4,00 ESF CIL ATÉ 2,00"
,BELLATIS REC ISA3087 C4
,BELLATIS REC BR8068 C2
,SOLDA COMUM
,BELLATIS REC BR8049 C4
,LENTE POLY BLUE RESIDUAL AZUL  PRONTA
,LENTE CR LED BLUE PRONTA
,BELLATIS REC ISA5030 C3
,LENTE MULTIFOCAL POLI FOTO PRO HD
,LENTE MULTIFOCAL CR INCOLOR ANT-REFLEXO - I
,LENTE MULTIFOCAL CR FOTO - FT
,BELLATIS REC 2808 C1
,LENTE ARGOS SENSITY C.EXTRA
,EVOKE FOR YOU EVK RX53 A01
,LENTE CR INCOLOR PRONTA-COLORAÇÃO
,OL SOLAR DIVERSOS
,FL REC FD66022 C3
,"LENTE MULTIFOCAL FOTO AR PRONTA ATÉ+3,00 ESF AD3"
,BELLATIS REC BR8069 C1
,ATITUDE REC ATK6027N T01
,REC ASPEN AS1313 C1
,LENTE ARGOS  CR 39 HARD
,LENTE CR 1.49 AR ESPECIAL - IN
,LENTE TOTALL LUX BASIC CR FOTO AR
,OL KIDS DT30013 C2
,BELLATIS REC HG17016 C2
,BELLATIS REC BR5860 COL.3
,FL REC FD86007 C5
,BELLATIS REC BR98169 C2
,LENTE AMPLUS SENSITY CLEAN EXTRA
,LENTE TOTALL LUX SELECT CR FOTO AR
,FL REC FD66020 C5
,LENTE MULTIFOCAL CR 167 PRO HD
,LENTE MULTIFOCAL POLI  PRO HD
,"LENTE CR AR PRONTA 4,25 ATÉ 6,00 ESF CIL ATÉ 2,00"
,BELLATIS REC FD633221 C6
,LENTE HB LENS POLI FOTO SURF
,"LENTE CR 1.67 AR CIL ACIMA DE 2,00 ATE -4,00 PRONT"
,LENTE HB VISION POLI AR
,BELLATIS REC BR7716 C6
,SABRINA SATO SS700 C3
,"LENTE MULTI POLI AR PRONTA ESF ATE +2,00 AD ATE3,0"
,BELLATIS REC FD633210 C2
,BELLATIS REC M16806 C3
,LENTE BALUX CR INCOLOR - IN
,FL REC FD71001 C5
,BELLATIS REC Z30103 C1
,"LENTE MULTIFOCAL FOTO AR PRONTA ATÉ+3,00 ESF"
,SPEEDO REC SP7070 A11
,LENTE CR INCOLOR PRONTA - IN
,LENTE AMPLUS 1.50 HARD
,FL REC ISA3038 C4
,REC ATHENAS ATH2513 C2
,BELLATIS REC ISA66006 C7
,PLAQUETA
,LENTE 1.56 MULTI AR EXTERNO PROGRESSIVE
,HICKMANN REC HI1073 09B
,LENTE FOTOSSENSIVEL BLUE UV CIL ACIMA 2
,BELLATIS REC LQ95661 C8
,"LENTE CR AR 1.56 CIL ACIMA DE 200 ATE -5,00"
,BELLATIS REC ISA3056 C1
,BELLATIS REC FY166 C1
,LENTE MULTIFOCAL CR INCOLOR -IN
,BELLATIS REC FD633208 C3
,LENTE AMPLUS POLI CLEANEXTRA
,BELLATIS SOL LQ9012 C4
,BELLATIS REC FD633239 C2
,BELLATIS REC FD633242 C1
,LENTE FOTOSSENSIVEL AR PRONTA - CIN
,REC HICKMANN HI10004 13A
,RUN REC ISA22019 C3
,BELLATIS REC BR5613 COL.1
,LENTE CR 1.67 AR PRONTA - IN
,FL REC FD86007 C6
,LENTE MULTIFOCAL POLI INC - IN
,BELLATIS REC BR5860 COL.5
,FAITH LOVE REC FD66022 C3
,BELLATIS REC BR0781 C3
,REC TNG FAST TR7548 C58
,BELLATIS REC FD633215 C6
,FL REC ISA3088 C1
,LENTE CR 1.67 ANTIBLUE PRONTA
,REC J. MARCELL JM1013 09A
,FL REC FD7012 C3
,LENTE MULTIFOCAL CR INCOLOR - IN
,RUN REC ISA2046 C1
,SPEEDO REC SP2002 09A
,LENTE CR 1.61 AR PRONTA - IN
,REC OL METAL DOURADO
,"LENTE POLI AR CIL ACIMA 2,00 ATÉ -4,00"
,"LENTE FOTOSSENSIVEL BLUE UV -4,00 + 3,00 ESF CIL 2"
,SOLDA CORTESIA
,BELLATIS BALGRIF FD8521 C6
,LENTE MULTIFOCAL POLI INC ANT-REFLEXO - IN
,BELLATIS REC BR7759 C1
,FL REC FD66020 C1
,ATITUDE REC AT2080 12A
,REC BULGET BG1632N 04B
,BELLATIS REC HG17012 C1
,FL REC FD655026 C5
,BELLATIS REC ISA2059 C7
,REC J. MARCELL JM1029 09A
,BELLATIS REC BR5858 COL.1
,LENTE CR 1.74 AR PRONTA - IN
,REC J. MARCELL JM1029 01A
,LENTE ARGOS TRIVEX INCOLOR - IN
,BELLATIS REC LQ95661 C13
,FL REC ISA3098 C6
,BELLATIS REC FD633239 C7
,LENTE POLY AR BLUE UV PRONTA
,FL REC FD66012 C1
,LENTE AMPLUS SENSITY HARD
,FL REC FD66022 C2
,BELLATIS REC FD66008 C1
,BELLATIS REC FD633242 C7
,ARMAÇÃO
,BELLATIS REC ISA3101 C2
,FL REC FD66020 C2
,BELLATIS REC HG17012 C2
,REC TNG FAST FL517 C5
,LENTE MULTIFOCAL INCOLOR C/AR PRONTA 000 A+300 ESF
,BELLATIS REC FD633215 C5
,FL REC FD86007 C2
,BELLATIS REC ISA1009 C5
,"LENTE CR BLUE CUT CIL ACIMA DE 2,00"
,FL REC ISA3088 C4
,RUN REC ISA1082 C4
,BELLATIS REC BR5648 COL.7
,BELLATIS REC BR98169 C4
,LENTE TOTALL LUX BASIC 1.50 TRANS AR-STYLL
,BELLATIS REC BR5802 COL.5
,RUN REC YH5812 C3
,"LENTE CR 1.61 AR CIL ACIMA 2,00 ATE -4,00 PRONTA"
,BELLATIS REC FD66008 C4
,BELLATIS REC ISA3101 C4
,BELLATIS REC ISA3346 C5
,LENTE POLI INCOLOR SURFAÇADA ANT-REFLEXO - IN
,ATITUDE REC AT7133 A01
,BELLATIS REC FD8584 C4
,OL KIDS REC S306 P 49 C22
,REC BULGET BG7153IM A11
,REC HICKMANN HI10017 06A
,RUN REC FD655019 C6
,BELLATIS REC ISA1160 C6
,BELLATIS REC MT3715 C3
,BELLATIS REC NV90106 C2
,LENTE POLI INCOLOR PRONTA ATE +400 ESF CIL ATE 2
,BELLATIS REC FD633218 C4
,BELLATIS REC ISA66008 C1
,BELLATIS REC BR0706 C3
,BELLATIS REC BR22099 C4
,REC BELA BR98186 C4
,LENTE AMPLUS TRIVEX CLEAN EXTRA
,ANA HICKMANN REC AH10003 05A
,LENTE AMPLUS 1.50 NO-RISK-INC
,REC BULGET BG2027 06A
,RUN REC ISA2048 C1
,RUN REC YH5812 C5
,BELLATIS REC ISA3087 C3
,SABRINA SATO SS311 C1
,BELLATIS REC BR7717 C5
,REC J. MARCELL JM1005 09A
,BELLATIS REC BR22217 C5
,LENTE ESPACE ACLIMATES CR CRIZAL EASY - CIN
,REC TNG EYEWEAR BR6609 C1
,REC TNG FAST TR7352 C384
,LENTE MULTIFOCAL POLI FOTO PRO HD ANT-REFLEXO - FT
,BELLATIS REC BC5014 C1
,BELLATIS REC 8576 MARROM
,FL REC 9188 C-6
,BELLATIS REC NV90107 C2
,REC HICKMANN HI10014 01A
,ATITUDE SOL ATTACH BRUSC 04A
,LENTE ULTRAX TRIVEX SENSITY C.EXTRA SURF
,LENTE POLI AR BLUE UV CIL ACIMA DE 200 PRONTA
,REC HICKMANN HI60001 H02
,BELLATIS REC ISA8001 C5
,RUN REC YH5814 C2
,LENTE VARILUX LIBERTY ORMA CR - IN
,REC TNG EYEWEAR BB0100 C4
,REC TNG FAST TR7530 C15
,FL REC FD66022 C5
,LENTE AMPLUS 1.50 BLUECONTROL
,SABRINA SATO SS733  C2
,BELLATIS REC BR5613 COL.3
,BELLATIS REC FD66008 C5
,LENTE HOYALUX DAYNAMIC CR BLUECONTROL
,BELLATIS REC M16806 C2
,LENTE HOYALUX DAYNAMIC CR C.EXTRA
,REC J. MARCELL JM1010 09A
,ATITUDE REC ATK7005 T01
,BELLATIS REC BR0708 C5
,LENTE POLI 1.59 AR PRONTA - IN
,AH REC AH6322 C01
,BELLATIS REC G8067 C2-10
,LENTE ARGOS SENSITY NO RISK
,REC J. MARCELL JM6058 T01
,REC J. MARCELL JM6031 A01
,BELLATIS REC 8101 COBRE/ROSA
,RUN REC YY6721 C3
,LENTE MULTIFOCAL CR DIGITAL INC BLUE UV AR
,REC TNG EYEWEAR BB2174 C3
,REC TNG FAST FL517 C3
,REC TNG FAST TR7319 C339
,BELLATIS REC BR7717 C6
,ARMAÇÃO TATY MELLO
,PAR DE LENTE POLARIZADO
,LENTE 1.74 BLUE
,ARMAÇÃO PROMOÇÃO
,LENTE CR/AR
,LENTE CR INCOLOR
,MULTIFOCAL DIGITAL C/AR
,LENTE CR INCOLOR 
,LENTE DIGITAL AR FOTO BLUE
,LENTE BLUE COM AR HIDRO+ANTIRISCO-POEIRA
,LENTE HOYA WDC BRS ANTIRISCO
,LENTE CR COLOR G15 DEGRADE
,MULTFOCAL BLUE COM AR
,POLY BLUE C/ AR  ESTENDIDO 
,MULT AR BLUE FOTO
,FOTO C/ AR
,CR AR 
,POLY BLE C/ AR
,POLY BLUE C/ AR  
,LENTE BLUE COM ANTI REFLEXO
,ARMAÇÃO PROMOÇÃO 
,MULTIFOCAL COM AR
,MULTIFOCAL ICOLORO
,DIGITAL
,POLY C/ AR 
,AR POLY FIO DE NYLOR
,LENTE FOTO COM AR BLUE 
,MULTIFOCAL INCOLOR
,CLIPON ACETATO
,MULTIFOCAL FOTO C/ AR FREE FORM
,POLI 
,ARO FIO NYLON
,CR SURFAÇADO AR
,LENTE MULTIFOCAL AR
,MULTIFOCAL .67 C/ AR
,MULTIFOCAL FREE FOM C/ AR 
,MULTI DIGITAL IMPORTADA FOTO INCOLOR
,POLY SURF C/ AR BLUE
,MULTIFOCAL DIGITAL C/ AR
,LENTE MULTIFOCAL DIGITAL FOTOSSENCIVEL COM AR
,LENTE MULTIFOCAL DIGITAL C/ ANTI-REFLEXO 
,1.67 C/ AR 
,POLY BLUE DIGITAL HIDRO ANTIRISCO
,MULTI DIGITAL C/AR
,POLY COM AR
,MULTIFOCAL FREE FORM DIGITAL BLUE C AR
,CR BLUE COM AR
,MULTIFOCAL PRO HD 1.56 C/ AR
,MULTIFOCAL DIGITAL FREE FORM COM AR 
,LENTE CR 
,LENTE BLUE HIDRO
,TRANSITIONS
,LENTE DE CONTATO
,CR INCOLOR
,POLY INCOLOR 1.67
,HOYA SENSITIVE FREE FORM C/ AR ACETATO BLUE
,MULTIFOCAL C/ AR
,FOTO AR LONGE MAIS AR PERTO
,HOYA AMPLUS SENSITIVE C/ AR
,METAL
,LENTE COM AFINAMENO 1.56 C/ AR
,MULTIFOCAL 
,MULTIFOCAL INCOLOR DIGITAL
,MULTIFOCAL FREEFORM C/ AR
,POLY BLUE COM AR 
,POLY MULTIFOCAL
,CILINDRICO ESTENDIDO C/ AR 
,LENTE FOTO COM AR
,BLUE CONTROL
,MULTIFOCAL FREE FORM C/ AR
,TRASITIONS SURF VERDE  C/ AR TRIO EASY CLEAN
,MULTI DIGITAL AR
,OTM METAL 23090
,CILINDRICO ESTENDIDO BLUE 1.67
,MULTIFOCAL PRO HD C/ AR DIGITAL
,CR AR BLUE
,MULTIFOCAL C/ ANTIREFLEXO
,LENTE DE CONTATO MENSAL
,CR FOTO C/ AR
,MULTIFOCAL DIGIAL
,MULTIFOCAL COLOR DIGITAL CINZA BLACK  DEGRADE  
,MULTIFOCAL FREE FORM C/ AR 
,LENTE COM AR
,LENTE ANTI REFLEXO
,MULTI FICAL DIGITAL FOTO C/ AR 
,CR BLUE C/ AR
,HOYA POLY COM NO RISK EM DORBO
,MULTIFOCAL FREE FORM 
,MULTIFOCAL POLI 
,TRASITIONS BLUE AR
,TM 
,LENTE CR AR
,LENTE BLUE C/ AR
,MULTI DIGITAL COM AR
,SABRINA SATO
,CR AR
,MULTI FOCAL FOTO AR
,CR AR P/ LONGE 
,CR AR P/ PERTO
,ACETATO P/ PERTO
,MULTIFOCAL VARILUX CONFORT CRISAL EASY PROMOÇÃO EM DOBRO
,RX CLIPON TM
,MULTIFOCAL DIGITAL PROHD
,MULTIFOCAL DIGITAL 
,MULTIFOCAL DIGITALL COM AR
,MULTIFOCAL DIGITAL FOTO AR
,FOTO C/ AR ESTENDIDO
,BLUE AZUL EMDOBRO
,OTM VERDE
,MULTI1.56 INCOLOR
,MULTI 1.56 INCOLOR
,PLY BLUE COM AR 
,2 CORDÕES DE OCULOS
,MULTIFOCAL DIGITAL AR
,ARMJAÇÃO TM
,POLY SURF C/ AR 
,BLUE COM AR
,ARMAÇÃO TM
,BLUE C/ AR
,MULTIFOCAL C/ AR BLUE FREE FORM 
,MULTI BLUE C/ CR
,LENTES INCOLOR 
,LENTES POLY BLUE C/ AR
,ARMAÇÃO CROMO
,MULTI FOTO AR 1.56
,SOLAR BRINDE
,1.67 PRATA POLY C/ AR
,ARMAÇÃO TM DOLOMITI
,ARMAÇÃO TM 
,ARMAÇÃO TM OPERA CHIC
,MULTI FOTOC/ AR
,MULTIFOCAL FREE FORM 361846 C/ AR
,TRASITIONS EXTENDIDO C/ AR
,MULTIFOCAL FOTO
,METAL FECHADO TOM
,BLUE COM AR 
,LENTE BLUE FILTRO AZUL 
,OTM CLO´TE METAL FECHADO
,OTM DOLOMITI 14990
,MULTIFOCAL 30011
,DOLOMITI
,ARO METAL PROMOÇÃO ARMATTI
,SOLAR BUGUET
,ARO OAKLEY 
,KODAK INCOLOR PRECISE
,MULTI FOTO C/ AR DIGITAL
,SOLARES VARILUX CONFORT MAX DEGRADE COLORAÇÃO MARROM
,LENTE DE CONTATO ANUAL ALCON MULTIFOCAL
,ARAMAÇÃO TM
,LENTE MULTIFOCAL DIGITAL BLUE C/ AR
,SOLAR BRINDE 
,ARMAÇÃO TRITON
,ARMAÇÃO PROMOÇÃO 066000
,LENTE CR C/ ANTI-REFLEXO
,LENTE KODAK PRECISE INCOLOR
,ARO OTM 002800
,LENTE CR BLUE C/ ANTI-REFLEXO
,ASMATTI  MASSA
,LENTE MULTIFOCAL
,LENTE 1.67 C/ ANTI-REFLEXO 
,LENTE MULTIFOCAL POLI INCOLOR
,ARO ARMATTI 14990
,LENTE 1.67 FOTO BLUE + AR
,SOLAR INFANTIL
,SOLAR
,LENTE MULTIFOCAL FOTO INCOLOR
,LENTE V.S PERTO INCOLOR
,SOLAR 
,ARMAÇÃO DENUEVE
,CR BLUE AR
,LENTE POLI ANTI-REFLEXO
,ARMAÇÃO ITALY
,ARMAÇÃO SOLAR
,LENTE MULTIFOCAL HOYA AMPLUS AR
,ARMAÇÃO TM 1169140
,LENTE CR FOTO BLUE C/ AR
,LENTE CR  FOTO C/ AR
,LENTE MULTIFOCAL INCOLOR
,ARMAÇÃO OTM PAOLA BELLE
,SOLAR- SOLARBRI
,LENTE MULTIFOCAL  FOTO INCOLOR C/ AR
,LENTE POLI BLUE C/ AR
,ARMAÇÃO DOLOMITI
,ARMAÇÃO OTM 
,POLI BLUE C/ AR
,ARMAÇÃO OTM 0028090
,ARMAÇÃOOTM DOLOMITI 
,AC BLUE AR 
,ARMAÇÃO OTM
,MULTIFOCAL DIGITAL FREE FORM
,AC MULTI INCOLOR
,FOTO COM AR
,1.67 BLUE C/ AR
,MULTI INCOLOR 
,ANTI REFLEXO MULTIFOCAL
,MULTIFOCAL AR
,MULT C.O PROHD POLI
,MULTI POLI INCOLOR
,ARMAÇÃO ARMATTI
,TROCA DE PARAFUSOS E PLAQUETAS
,MULT AR 
,LENTE MULTIFOCAL +AR
,OTM PAOLA BELLE
,MULTI C/ AR PROHD 
,METAL FECHADO OTM
,ACETATO FECHADO
,MULTI FOCAL PRO HD INCOLOR
,CORDINHA DE SILICONE
,ARMAÇÃO ACETATO FECHADO
,ARMAÇÃO ACETATO
,BLUE LIGHT COM AR E CR
,TROCA DE MOLA
,MULTI POLI BLUE COM AR
,FDB 5007 C2
,MULTI PRO HD
,ARMAÇÃO DA PROMOÇÃO
,MULTI PRO  HD FOTO INCOLOR
,INFANTIL PRMOÇÃO
,ATITUDE ACETATO FECHADO
,550
,POLI INCOLOR LONGE
,POLI INCOLOR PERTO
,SÓ ARMAÇÃO
,MULTIFOCAL FOTO INCOLOR
,MULTI DIGITAL POLI FOTO
,TM METAL NYLON
,ARO METAL TM
,MULTI FOCAL POLY INCOLOR
,GATTI H02237
,FD655013
,MULTI AR ANTIREFLEXO
,CONTATO MENSAL
,HOYA AMPLUS BLUE CLEAN BLUE AR
,TM METAL
,SOLAR DEGRADE MARROM
,ARMAÇÃO TM FD8584
,BLUE AR
,FD9003
,FD1083
,HOYA 1.67 BLUE 
,OM88039
,FD63370
,MULTI FOTO AR 
,9109MP
,MULTI AR
,ISA3054
,UB 5038
,LIMPA LNTES
,LENTE BIOFOCAL  AR
,ARMAÇÃO TM ISA 3073
,FOTO COM ANTIREFLEXO
,ARMAÇÃO TM FECHADO
,BLUE + AR HIDROFOBICO
,LENTE MULTI DIGITAL INCOLOR
,LENTE DE CONTATO DESCARTAVEL
,AR886
,HO2444
,CR 39.1.36 AR
,MULTI DIGITAL
,SATO ARMAÇÃO
,9129
,MULTI PRO HD POLI 
,SOLAR COLORIDO
,1.56 MULT
,BLUE AR HIDRO
,HOYA POLY AMPLUS COM NO RISK 
,SOLAR MARROM 
,MULTI C/ AR
,SOLAR DE BRINDE
,BLUE C/ AR 
,NV 9010
,BR0743
,SA3073
,TM PROMOÇÃO
,1.56 CR AR
,NV90102
,SOLAR PRETO DEGRADE
,HOYA SENSITIVE
,FOTO BLUE + AR 
,ARMAÇÃO FOX FOX 8036
,SOLAR LENTE COLORIDA
,SOLAR HT 212860
,3 CORDINHAS P/ ÓCULOS
, ARMAÇÃO TM
,FOTO AR
,BRINDE
,MULTI FOTO C/ AR 
,ARMAÇÃO M
,BLUE ESTENDIDIO
,ARMAÇÃO GATTI
,CR AR 1.56
,BR77171
,BR771754
,AR 
,AR
,GA 3229
,CAIXA DE LENTE DE CONTATO DESCARTAVEL
,FOTO AR 
,HOYA POLI TRIVEX BLUE AMPLUS
,ARMÇÃO BALGRIFE
,SOLAR COM GRAU BRINDE
,BLUE 
,XC 3530
,80202061755
,1.56 AR
,US AR
,ISA 3058
,1525 BRINDE
,CR.39 AR
,COLORAÇÃO S/ AR
,TA006
,ARMAÇÃO FD633834
,TROCA DE PARAFUSOS
,BLUE PROTEC
,SE21486
,BR5613
,9429
,L531
,MULTI FREE FROM COM AR 
,GATTTI MARROM
,HP 1836
,FD8549
,"MULTI 1,56 C/ AR "
,CLIPON PRETO
,MULTI POLI AR 
,SOLAR NV 90105
,APF063
,MULTI C.O PRO HD FREE FORM C/ AR
,BKS BLUE NO RISK
,NATURAL VISION DREANS GRAFITE
,LENTE CORTADA
,1.74
,POLI MULTI INCOLOR COM BLUE SEM AR 
,FD8584
,CR BLUE 
,GATTI
,MULTI BLUE AR
,95830 BLUE
,HI 212860
,MULT AMPLUS NO RISK
,ARMAÇÃO SS
,ARMAÇÃO SABRINA SATO
,POLI MULTI C/ AR 
,MULTIFOCA DIGITAL FREE FORM FOTO COM AR BLUE 
,VTA MULTI LENTE SOLAR CINZA 3
,LENTE COLORIDA
,FD63329
,FLUX02
,MULT INCOLOR FREE FORM C/ AR 
,SOLAR SURF CINZA 3
,ISA 2042
,ACRILICO AR
,FD8507
,AC INCOLOR 1.36
,ISA2046
,AC INCOLOR 1.56
,SOL S/ MULTI POLI FOTO BLUE
,20922
,MULTI /S
,LIMPE LENTE 
,COMPRA DE CORDÃO
,2 CAIXAS DE LENTE DE CONTATO PERTO
,CR 
,LENTE BLUE
,MULTIFOCAL FOTO AR
,ARMAÇÃO TM LUXO
,SOLAR CINZA BLACK
,1.61 AR
,ARMAÇÃO BR 2114
,ISA2046 
,MULTI
,SOLAR YH58
,BLUE AR 
,MULTIFOCAL DIGITAL FREE FORM AR
,SOLAR CINZA 3
,BR22141 
,HO221 BRINDE
,ARMAÇÃO 
,LENTE AR
,BLUE
,ARMAÇÃO A23330 C2
,MULTI POLI FREE FORM + AR
,OTM 
,POLI INCOLOR
,ARMAÇÃO OAKLEY
,MULTI FOTO AR
,MÃO DE OBRA 
,ARMAÇÃO KIDS
,MULTI AR 
,BLUE RES AZUL 
,MILTI POLI INCOLOR
,POLI BLUE RES AZUL
,OCULOS SOLAR
,CORDINHA
,OTM ISA 3084
,ULTI FOTO AR NO RISK
,ARMAÇÃO OTM 00140900
,LENTE 1.56 AR
,GIANT
,MULTI INCOLOR AR
,CLIPE OTM
,BLLUE AR 
,OM22137 
,SOLAR OTM
,POLI AR
,OTM
,HOYA AMPLUS BLUE COM NO RISK
,1.67 FOTO INCOLOR
,MULTIFOCAL POLI AR
,BLUE PROTECT AZUL
,FOX 
,HOYA US BLUE
,PRO HD FOTO AR
,TM BRINDE
,SKECHEARS
,AR PERTO 
,MULTI FOTO AR + MULTI AR
,SOLAR TM
,1.56 FOTO BLUE AR
,ARMAÇÃO BR8073
,OTM ISA
,LENTE 1.56 INCO
,TRASITIONS BLUE 
,HOYA AMPLUS COM CR AR
,OAKLEY
,HOYA AMPLUS SENSITIVE HORA
,LENTE MULTI AR
,GANT
,1.67 AR
,PARAFUSO
,HOYA ARGOS BLUE NO RISK
,ARMAÇÃO GANT
,BRINDE SOLAR
,TROCA DE MOLE
,BLAGRIFF
,POLI AR 
,MULTI BLUE AR 
,AÇAMÃO TM BG 1951
,SOLAR BRINDE X5193
,ARMAÇÃO BULGET
,1.56 MULTI BLUE 
,MULTI BLUE AR HOYA
,HOYA AMPLUS BLUE AR
,HOYA AMPLUS BLUE NO RISK
,MULTI INCOLOR POLI
,MULTI TRASITIONS C AR
,LENTE POLI INCOLOR
,INCOLOR PARA COLORAÇÃO
,MIULTI BLUE COM AR
,BULGET
,HOYA ARGOS SENSITIVE AR
,MULTI BLUE COM AR
,POLI BLUE AR
,1.67.BLUE AR
,CR BLUE RES AZUL
,1.74 BLUE AR
,POLI BLUE
,PRO HD POLI AR
,1.67 INCOLOR
,HOYA ARGOS POLI BLUE NO RISK
,SOLAR AZULÇ
,HOYA AMPKUS POLI C/ E
,PERTO AR
,GGN FOTO BLUE AR POLI
,OTM VALGRIFF
,ARMAÇÃO BUKGET CLIPON 
,LENTE BLUE 
,TROCA DE  PLAQUETA
,POLI RES AZUL
,ARMAÇÃO BRINDE
,HOYA COM AR
,LENTE CR LED C/ ANTI-REFLEXO
,1.67 MULTI AR
,HOYA ARGOS
,PRO HD AR
,MULTI INCOLOR
,MULTI COM FOTO AR
,CR AR FOTO BLUE 
,ARO TM PRETO
,MULTI BLUE PRONTO
,ARO METAL
,ARO MTM METAL
,TM ARO ACETATO
,ARMAÇÃO M CLIPON
,ARO METAL MT
,OTM METAL 
,TM ACETATO
,AR PERTO CR LONGE
,HOYA AMPLUS AR
,ARMAÇÃO ATITUDE
,ACETATO TM
,FOTO BLUE
,HOYA MULTI AR 
,ARMÇÃO BULGET
,BIFOCAL WETEX C/ 1.67
,ARMAÇÃO MARCEL
,1.5 BLUE 
,JM 1006 07A
,HOYA AMPLUS C/ E
,1.59 POLI BLUE 
,POLI BLUE 1.59
,LENTE DE CONTATO VERDE
,ARMAÇÃO ISA 1024
,SOLDA MOLA
,PZ28275317142
,SOLAR BJ 9005 C3 6015 113
,SOLAR METAL DOURADO
,CR BLUE EXTENDIDO ARO YY2006 C2 
,MULTIFOCAL
,ARMAÇÃO METAL BRANDO0
,ARMAÇÃO ACETATO PRETO
,CR COLORAÇÃO PRETA
,CR COLORAÇÃO
,LG 63785516142 C2
,ARMAÇÃO TM CLIPON 
,ARMAÇÃO ISA 220195517140 C4
,SOLAR PROMOÇAO
,SOLDA 
,SOLAR PROMOÇÃO
,ARO CLIPON TR 206013
,MULTI FOTO
,CR COLORAÇÃO 
,METAL TM
,ARMAÇÃO METAL
,ARO ACETATO
,SOLDA
,LENTE CR
,ARMAÇÃO F20205617135 C2 
,CR BLUE
,SOLARES
,SOLAR MASCULINO
,SOLAR FEMININO
,SOLAR FEMININO 
,ARMAÇÃO BALGRIFF
, SOLAR BRINDE
,ARO METAL 
,SO ARMAÇÃO
,MULTI PHOTO AR
,ARMAÇÃO DE BRINDE
,ARMAÇÃO TM ACETATO
,LENTE CR BLUE
,ARO ACETATO TM
,ARO METAL BRINDE 
,ARO ACETATO CLIPON 
,ARO ACETATO BRINDE 
,SOLAR INFANTIL BRINDE
,AMPLUS AR
,MULTI FOTO INCOLOR
,ARO ACETATO/ METAL
,CR BLUE SÓ PERTO
,CR LUE 1.61
,ARO TM METAL
,KODAK PRECISE AR
,ARO BULGUET
,1.67 CR BLUE
,ARO NYLON BRINDE
,ARMAÇÃO NYLON
,LENTE BLUE AR
,ARMAÇÃO OL
,LENTE ANTI REFLEXO 
,TROCA DE HASTE
,ARO USO
,LENTE CR FOTO ANTI-REFLEXO 
,LENTE CR BLUE AR
,LENTE 1.56 C/ ANTI-REFLEXO
,LENTE FOTO C/ ANTI-REFLEXO
,LENTE MULTI BLUE AR
,LENTE HOYA POLI AMPLUS AR
,CR AR LONGE
,LENTE CR LED BLUE C/ AR
,ACETATO
,MULTI FOCAL HOYA POLI
,BALGRIFF
,LENTE HOYA STANDAND NO RISK
,LENTE CR C/ ANTI-REFLEXO 
,LENTE MULTIFOCAL POLI C/ AR
,LENTE HOYA AMPLUS NO RISK BLUE BLUE CONTROL
,SPEEDO
,LENTE INCOLOR AR
,COLORAÇÃO COM GRAU
,COLORAÇÃO CINZA TOTAL
,LENTE 1.56 MULTIFOCAL BLUE 
,LENTE FOTO AR BLUE
,LENTE LED BLUE C/ AR
,LENTE POLI BLUE
,LENTE PRO-HD FOTO BLUE
,HOYA AMPLUS NO RISK
,LENTE MULTIFOCAL FOTO
,LENTE MULTIFOCAL FOTO C/ AR
,LENTE MULTIFOCAL FOTO AR
,ARMAÇÃO ARO USO
,LONGE AR PERTO POLI SRUFAÇADA
,LENDE CR LED BLUE C/ AR 
,ARMAÇÕES OTM
,LENTE MULTIFOCAL C/ AR 
,OTM CLIPON ARO DE USO
,LENTE CR LED BLUE C/ AR 
,ARMAÇÃO CLIPON TM
,ARMAÇÃO FOX 
,LENTE ATI REFLEXO 
,MULTI INCOLOR 1.67
,LENTE CR ANTI-REFLEXO
,ARMAÇÃO TM ANTIGA
,LENTE MULTIFOCAL C/ AR
,SOLAR DE BRINDE FOSCA
,LENTE MULTIFOCAL ANTI-REFLEXO 
,LENTE CR LED COM AR
,ARMAÇÃO TM FD 633239 CS
,LENTE POLI COM ANTI-REFLEXO 
,CONSULTA
,LENTE 1.61 COM AR
,TM BR 5858 COL 1
,LENTE MULTI ANTI-REFLEXO
,BULGET CLIPON BG715
,SOLAR E CORDINHA DE BRINDE
,LENTE MULTIFOCAL FOTOSSENCIVEL INCOLOR 
,TM NYLON 59212 C7
,LENTE POLI CIL EXTENDIDO RES AZUL
,OTM 8012
,1.67 PERTO INCOLOR AR
,GATTI ARMÇÃO
,LENTE POLI BLUE 
,OTM ARMAÇÃO
,LENTE MULTIFOCAL INCOLOR PRATA
,ARMAÇÃO TM BR 8075 53 38 140
,"1,67 BLUE EXTENDIDO"
,OCULOS SOLAR MANTER A COR
,LENTE HOYA AMPLUS NO RISK
,LENTE POLI AR BLUE
,LENTE 1.67 AR BLUE
,OTM GRIFE
,SOLAR OR BRANCO OU ROSA
,LENTE CR LED BLUE AR
,ARMAÇAO TM
,LENTE CR LED C/ AR
,LENTE POLI BLUE ANTI-REFLEXO
,LENTE MULTIFOCAL INCOLOR FOTOSSENCIVEL
,LENTE INCOLOR
,LENTE BLUE ANTI-REFLEXO
,LENTE CR ANTI - REFLEXO BLUE 
,LENTE 1.56 AIR PILANGE
,ARMY SKECHERS
,LENTE BLUE C/ ANTI-RELFEXO 1.56
,ARMAÇÃO SOLAR BRINDE
,LENTE MULTIFOCAL BLUE 
,AR BLUE
,TRASITIONS CRISAL EASY CIL ESTENDIDO 
,TM
,MULTI PRO HD + MULTI SOLAR
,2 CAIXAS DE LENTE DE CONTATO DESCARTÁVEL
,2 ARMAÇÃO TM
,MULTIFOCAL C/ ANTI-REFLEXO
,LENTE POLI MULTIFOCAL INCOLOR
,ARMAÇÃO TM + ARMAÇÃO ANTI
,LENTE HOYA CLEAN EXTRA
,SOLAR TM 
,1.61 C/ AR
,SOLAR ARMAÇÃO
,LENTE CR BLUE 
,LENTE FOTO ANTI-REFLEXO
,CR AR PERTO
,LENTE DE CONTATO DIARIAS 
,2 OTM 
,POLI AR + CR AR
,PLAQUETA 
,OTM RGF 2002
,BELLATIS OTM + 2 CAIXAS 2C
,LENTE 1.74 BLUE PROTECT
,LENTE MUTIFOCAL FOTO
,LENTE 1.56 BLUE LIGHT
,LENTE MULTIFOCAL COM ANTI-REFLEXO
,LENTE CR ANTI-REFLEXO BLUE 
,METAL REDONDO
,LENTE MULTIFOCAL POLI C/ ANTI-REFLEXO
,LENTE CR ANTI-REFLEXO FOTO
,LENTE MULTIFOCAL INCOLOR PRO HD
,METAL ARMAÇÃO 
,LENTE ACRILICO ANTI-REFLEXO
,ARMAÇÃO USO ACETATO
,1.67 BLUE ALTO INDICE
,LENTE POLI INCOLOR 
,ARMAÇÃO METAL FECHADO
,LENTE CR BLUE PROTECT
,LENTE ACRILICO ANTI-REFLEXO 
,LENTE MULTIFOCAL FOTOSSENCIVEL ANTI-REFLEXO
,ARO METAL NIPON 
,LENTE MULTIFOCAL PRO-HD ANTI-REFLEXO 
,LENTE CR BLUE PROTECT 
,LENTE ACRILICO ANTI-REFLEXO BLUE 
,ARO PROMOÇÃO METAL 
,ARO METAL PROMOÇÃO
, LENTE BLUE 
,MULTIFOCAL HOYA ARGOS
,INCO 2012
,OCULOS COMPLETO
,BLUE LIGHT
,MULTI INCOLOR PRO HD
,LENTE MULTIFOCAL  ANTI-REFLEXO
,ARMAÇÃO VERDE
,METAL FECHADO
,SOMENTE A ARMAÇÃO
,OAKLEY SOLAR
,PARA LONGE CR AR
,PARA PERTO POLI INCOLOR
,MULTIFOCAL C/  ANTI-REFLEXO 
,TM FD 633239
,TM Z2016
,TM FD66023 C3
,TM FD 655016
,POLI PRO HD MULTI C/ AR
,CR AR BLUE LIGHT
,ARMAÇÃO FD 8496 C3
,LENTE CR AR0
,LENTE POLY COM AR
,CR AR BLUE 
,POLI COM AR 
,MULTIFOCAL PRO-HD COM ANTI-REFLEXO
,MULTIFOCAL PRO-HD INCOLOR
,LENTES CR AR BLUE
,LENTE DE CONTATO COLORIDA
,MULTI PRO HD INCOLOR
,ATITUDE SOLAR 
,ARMAÇÃO SPEEDO
,LENTE 1.74 BLUE AR
,LENTE CR C/ AR BLUE 
,MULTI CR INCOLOR
,HOYA BLUE NO RISK
,FOTO INCOLOR
,MULTIFOCAL PRO-HD
,LENTE CR BLUE C/ AR
,ARMAÇÃO TM FD8573
,LENTE CR C/ AR BLUE LIGHT
,CR C/ AR BLUE HOYA CONTROL VS
,MULTIFOCAL AR BLUE
,MULTIFOCAL HOYA POLI BLUE NO RISK
,ARMÇÃO OTM
,CR C/ AR BLUE 
,KODACK
,HOYADYNAMIC BLUE NO RISK
,OTM CLIPON
,2 OCULOS DE BRINDE
,HOYA SENSITY EM DOBRO NO RISK
,POLY AR
,ARMAÇÃO ATHENAS
,MULTI POLI INCOLOR 
,HOYA 1.74 BLUE C
,1.67 BLUE 
,LENTE CR C/ AR
,1.67 BLUE AR 
,MULTI CR AR
,LENTE BLUE PROTECT C/ AR
,ARMAÇÃO OTM C
,MULTIFOCAL FOTO BLUE C/ AR
,ARMAÇÃO OM FS 5214
,ARMAÇÃO OTM 3849332
,HOYA AMPLUS NO RISK BLUE CONTROL
,JEAN MARCEL
,LENTE DE CONTATO ANUAL INCOLOR
,LENTE CR COM AR
,ARMAÇÃO JEAN MARCELL
,LENTE MULTI HOYA HARD
,MULTIFOCAL AR FREE FORM
,POLI P/ PERTO
,LENTE MULTI AR 
,LENTE BLUE COM AR 
,ARMAÇÃO TM FD 655018 MARROM
,LENTE BLUE AR BR 8068 C1
,ARMAÇÃO SPEEDO SP 7039
,LENTE VARILUX COM CRIZAL EASY 
,MULI INCOLOR
,CORRENTINHA 
,LENTE CR BLUE AR 
,TROCA DE ARMAÇÃO
